MR,MRR,HITS@1,HITS@3,HITS@10
0.294261,5363.458679,0.176611,0.374282,0.508456
