MR,MRR,HITS@1,HITS@3,HITS@10
0.311359,4686.195437,0.195597,0.391193,0.51739
