epoch,MR,MRR,HITS@1,HITS@3,HITS@10
0.0,0.000408,20696.19677,0.000165,0.00033,0.00033
10000.0,0.304361,5939.096572,0.202373,0.376895,0.482861
20000.0,0.298971,5770.620962,0.195452,0.368326,0.488464
30000.0,0.296177,5774.074324,0.191002,0.370962,0.485662
40000.0,0.297495,5662.10646,0.18886,0.376071,0.493243
50000.0,0.294947,5403.333223,0.177159,0.379038,0.50857
60000.0,0.296691,5413.1559,0.17996,0.379697,0.50824
70000.0,0.295451,5408.166117,0.177653,0.379697,0.507581
79999.0,0.296185,5409.214898,0.179631,0.378708,0.509229
