epoch,MR,MRR,HITS@1,HITS@3,HITS@10
0.0,0.000242,20581.369974,0.0,0.0,0.00033
10000.0,0.305895,5734.529005,0.203032,0.379367,0.490442
20000.0,0.299732,5554.94298,0.195452,0.369644,0.490112
30000.0,0.294093,5753.752802,0.186717,0.369974,0.486651
40000.0,0.297589,5651.085366,0.188365,0.374258,0.493738
50000.0,0.295806,5368.583388,0.177818,0.378049,0.510712
60000.0,0.295054,5390.760382,0.1765,0.378049,0.510053
70000.0,0.296705,5386.425181,0.179466,0.379038,0.509723
79999.0,0.296225,5408.679796,0.178972,0.378873,0.509723
