epoch,MR,MRR,HITS@1,HITS@3,HITS@10
0.0,0.000219,20624.944628,0.0,0.0,0.000165
10000.0,0.330096,4698.495386,0.222149,0.406065,0.514997
20000.0,0.327897,4428.093441,0.21737,0.403593,0.520765
30000.0,0.330253,4489.965392,0.221655,0.406889,0.517469
40000.0,0.325005,4461.182927,0.213909,0.401121,0.519611
50000.0,0.314668,4416.280158,0.199572,0.396177,0.519941
60000.0,0.315657,4426.019776,0.200066,0.398484,0.519941
70000.0,0.315345,4432.130191,0.199901,0.398154,0.521259
79999.0,0.315573,4441.95089,0.200231,0.39766,0.519117
