epoch,MR,MRR,HITS@1,HITS@3,HITS@10
0.0,0.00028,20382.042189,0.0,0.0,0.00033
10000.0,0.329062,4607.483026,0.222973,0.406065,0.514338
20000.0,0.324087,4444.290376,0.213415,0.399637,0.517139
30000.0,0.326436,4440.63563,0.216875,0.404252,0.518128
40000.0,0.32548,4397.141397,0.215887,0.402933,0.518787
50000.0,0.313921,4383.907877,0.197924,0.395188,0.520765
60000.0,0.31347,4399.865854,0.197924,0.393869,0.5206
70000.0,0.314105,4400.355471,0.198748,0.395023,0.5206
79999.0,0.314165,4399.88975,0.198748,0.394693,0.521094
