MR,MRR,HITS@1,HITS@3,HITS@10
0.283102,4714.04866,0.167677,0.356094,0.495214
