epoch,MR,MRR,HITS@1,HITS@3,HITS@10
0.0,0.000184,20774.870798,0.0,0.0,0.0
10000.0,0.310547,4111.691167,0.203197,0.380026,0.50445
20000.0,0.312556,4060.188695,0.203197,0.387442,0.505768
30000.0,0.309621,4094.244726,0.198748,0.381839,0.50824
40000.0,0.311082,4093.890079,0.20122,0.386289,0.505109
50000.0,0.301931,4078.181608,0.185069,0.382993,0.508734
60000.0,0.304052,4096.198583,0.18886,0.384641,0.507581
70000.0,0.302495,4071.330916,0.186882,0.382993,0.509064
79999.0,0.302536,4073.532136,0.186882,0.383652,0.508734
