epoch,MR,MRR,HITS@1,HITS@3,HITS@10
0.0,0.000251,20146.596243,0.0,0.0,0.000165
10000.0,0.30424,4933.522907,0.202868,0.371292,0.481872
20000.0,0.300846,4794.638596,0.197759,0.369974,0.482202
30000.0,0.300981,4845.231213,0.198583,0.366348,0.484838
40000.0,0.302987,4902.452044,0.200231,0.369644,0.486981
50000.0,0.284484,4951.317897,0.168919,0.362393,0.496869
60000.0,0.285906,4928.964898,0.170567,0.362558,0.497858
70000.0,0.283927,4921.75379,0.16826,0.36025,0.497528
79999.0,0.285254,4937.861404,0.169578,0.362722,0.496869
