MR,MRR,HITS@1,HITS@3,HITS@10
0.295771,5367.879866,0.178685,0.375718,0.509892
