MR,MRR,HITS@1,HITS@3,HITS@10
0.299234,4047.805361,0.18746,0.370932,0.504946
