epoch,MR,MRR,HITS@1,HITS@3,HITS@10
0.0,0.000333,20355.148649,0.0,0.0,0.000659
10000.0,0.301822,4816.257416,0.199572,0.371292,0.479895
20000.0,0.302859,4765.319545,0.200396,0.368326,0.485333
30000.0,0.301939,4765.787245,0.201055,0.367007,0.485168
40000.0,0.302037,4794.491101,0.20089,0.369644,0.485662
50000.0,0.284386,4874.36882,0.168919,0.361569,0.496869
60000.0,0.285728,4876.164964,0.171556,0.359756,0.49555
70000.0,0.284819,4889.697759,0.170073,0.359921,0.497034
79999.0,0.28632,4897.209954,0.17205,0.36025,0.496045
