epoch,MR,MRR,HITS@1,HITS@3,HITS@10
0.0,0.000928,20359.154417,0.000659,0.000659,0.000989
10000.0,0.302168,6261.183421,0.198912,0.383982,0.47561
20000.0,0.321163,4420.990277,0.207647,0.403757,0.51648
30000.0,0.323638,3694.682432,0.207976,0.405405,0.523731
40000.0,0.323115,3370.38497,0.20501,0.406724,0.529829
50000.0,0.320794,3331.181608,0.201879,0.405405,0.528675
60000.0,0.320027,3317.156559,0.200396,0.404911,0.529169
70000.0,0.319752,3305.137772,0.200066,0.404746,0.529334
79999.0,0.319577,3292.174522,0.199736,0.404911,0.529829
