epoch,MR,MRR,HITS@1,HITS@3,HITS@10
0.0,0.000276,20011.760218,0.0,0.0,0.000165
10000.0,0.305861,6222.018952,0.202868,0.387278,0.478906
20000.0,0.32172,4361.555372,0.207976,0.402769,0.518457
30000.0,0.323021,3669.34443,0.205834,0.407218,0.527192
40000.0,0.322567,3362.018787,0.203691,0.407218,0.530323
50000.0,0.321384,3321.743243,0.201384,0.406889,0.531477
60000.0,0.321069,3310.236157,0.200725,0.406889,0.531641
70000.0,0.320389,3301.031641,0.199901,0.405735,0.532795
79999.0,0.320785,3289.228082,0.200725,0.40557,0.532465
