MR,MRR,HITS@1,HITS@3,HITS@10
0.31666,3910.099234,0.200223,0.39566,0.521538
