epoch,MR,MRR,HITS@1,HITS@3,HITS@10
0.0,0.000718,20407.56526,0.00033,0.000659,0.000659
10000.0,0.275518,7913.56147,0.18029,0.352835,0.437212
20000.0,0.311513,5741.468688,0.203691,0.395517,0.495386
30000.0,0.319377,4633.017633,0.206658,0.402439,0.514997
40000.0,0.320492,4037.522413,0.204351,0.403428,0.522742
50000.0,0.320512,3977.971984,0.203856,0.402769,0.522577
60000.0,0.320693,3938.620138,0.204021,0.403098,0.523896
70000.0,0.320933,3903.828609,0.204021,0.403098,0.524885
79999.0,0.320901,3868.958471,0.203856,0.402769,0.526038
