epoch,MR,MRR,HITS@1,HITS@3,HITS@10
0.0,0.000789,20306.288728,0.00033,0.000824,0.001154
10000.0,0.276342,7953.811635,0.179796,0.355636,0.441002
20000.0,0.310393,5702.669084,0.201549,0.395847,0.494562
30000.0,0.319832,4582.11882,0.206987,0.40178,0.515985
40000.0,0.322725,3984.552076,0.207317,0.404417,0.524061
50000.0,0.321864,3918.361404,0.205834,0.403757,0.52439
60000.0,0.321997,3880.052241,0.206163,0.402769,0.525379
70000.0,0.321825,3844.077126,0.205834,0.402769,0.52439
79999.0,0.321942,3809.992749,0.205834,0.402604,0.525214
