MR,MRR,HITS@1,HITS@3,HITS@10
0.316377,3366.217135,0.19799,0.396777,0.529196
