MR,MRR,HITS@1,HITS@3,HITS@10
0.168295,3393.984046,0.006222,0.27074,0.492821
