epoch,MR,MRR,HITS@1,HITS@3,HITS@10
0.0,0.000988,20159.099209,0.000659,0.000824,0.000824
10000.0,0.150544,5764.107614,0.002966,0.238134,0.462591
20000.0,0.160391,4095.874258,0.004285,0.254285,0.473467
30000.0,0.164176,3636.083718,0.005603,0.261866,0.482696
40000.0,0.16609,3459.603494,0.005438,0.267139,0.487475
50000.0,0.16657,3435.503626,0.005933,0.266974,0.489618
60000.0,0.167061,3427.865854,0.006098,0.267469,0.490277
70000.0,0.166957,3423.367172,0.005933,0.268952,0.491101
79999.0,0.167277,3416.771753,0.005933,0.269117,0.490771
