epoch,MR,MRR,HITS@1,HITS@3,HITS@10
0.0,0.000832,20462.511536,0.000659,0.000659,0.000659
10000.0,0.14173,6304.311635,0.002472,0.216381,0.451879
20000.0,0.145557,4194.043507,0.007086,0.214568,0.444628
30000.0,0.147334,3594.75445,0.010053,0.214074,0.438036
40000.0,0.149588,3353.281806,0.01269,0.217205,0.435069
50000.0,0.150864,3322.920402,0.013184,0.219842,0.436552
60000.0,0.151278,3305.402274,0.013678,0.219677,0.435893
70000.0,0.151721,3292.316908,0.014008,0.220336,0.436223
79999.0,0.151554,3280.979565,0.013678,0.220007,0.436388
