epoch,MR,MRR,HITS@1,HITS@3,HITS@10
0.0,0.000846,20621.253131,0.000659,0.000659,0.000659
10000.0,0.142104,6330.492914,0.002307,0.220666,0.450231
20000.0,0.14611,4217.774061,0.006757,0.216051,0.443474
30000.0,0.148419,3613.968359,0.010382,0.21704,0.435234
40000.0,0.149155,3374.998682,0.012525,0.216546,0.43408
50000.0,0.151359,3341.496045,0.013678,0.220831,0.434904
60000.0,0.151377,3323.394529,0.013514,0.220995,0.436058
70000.0,0.151561,3310.673204,0.013349,0.220995,0.435893
79999.0,0.151346,3298.614041,0.013349,0.221325,0.436058
