MR,MRR,HITS@1,HITS@3,HITS@10
0.15092,3328.32642,0.013401,0.219049,0.436024
